time,token,amount,from,to
14:01,QBC,320,qx12ab98cd,qx44cd21aa
13:56,QBL,5000,qx88ff11aa,qx12ab98cd
13:52,QBT,24,qx77bb33cd,qx55aa77bb
13:48,QXG,890,qx99aa44bb,qx12ab98cd
13:44,QRM,12,qx54cc21ff,qx88ff21aa
13:41,QDL,650,qx45aa88dd,qx67bb11ee
13:38,QTP,210,qx15cc44ff,qx90aa22bb
13:33,QNX,75,qx24ee77cc,qx66bb90dd
13:30,QWA,440,qx78dd40aa,qx44cd21aa
13:27,QVC,9,qx32bb55ff,qx12ab98cd
13:24,QBC,1520,qx89cc21dd,qx45aa88dd
13:21,QBL,2700,qx54cc21ff,qx15cc44ff
13:18,QBT,41,qx77bb33cd,qx32bb55ff
13:15,QXG,1030,qx99aa44bb,qx66bb90dd
13:12,QRM,17,qx32bb55ff,qx44cd21aa
